index,category,difficulty,model,video_index,video_prompt
,imaginary,ssma_ss,,1,"Setting: A shimmering crystal cavern illuminated by glowing emerald stalactites and a softly flowing silver stream.
Character: A translucent fairy with opalescent wings, dressed in flowing garments of spider-silk that shimmer faintly with stardust, emitting a gentle hum with each movement.
Prompt: The fairy scoops shimmering water from the stream into her hands, causing it to crystallize instantly into a sparkling orb; she then breathes softly onto the orb, making it levitate briefly before gently tapping it, after which it bursts into glowing butterflies that scatter into the cavern."
,imaginary,ssma_ss,,2,"Setting: A floating library suspended among clouds, shelves brimming with glowing ancient books, drifting gently in an endless twilight sky.
Character: A wise owl wizard with plumage of deep violet, spectacles perched on its golden beak, wearing a velvet cloak embroidered with mystical runes.
Prompt: The owl wizard selects a glowing tome from a shelf with its wingtip, then swiftly opens it, causing golden runes to rise in mid-air; subsequently, it waves its wing through the runes, rearranging them into a luminous constellation that floats gently upwards."
,imaginary,ssma_ss,,3,"Setting: A dense, enchanted jungle filled with oversized glowing fungi, plants that whisper softly, and tiny, flickering orbs of ethereal light floating through the air.
Character: A curious, bipedal chameleon with shimmering scales that shift color constantly, large amber eyes, and a tail shaped like a spiral, wearing a leaf-woven pouch filled with magical herbs.
Prompt: The chameleon plucks a glowing mushroom from a tree, which immediately causes its scales to match the mushroom's hue; it then carefully crushes the mushroom in its palm, forming a luminous paste, and subsequently blows gently on the paste, dispersing it as shimmering dust into the air."
,imaginary,ssma_ss,,4,"Setting: A crystalline cave illuminated by softly glowing gemstones that reflect dancing colors upon glassy walls.
Character: An ethereal phoenix composed entirely of shimmering golden flames, its wings trailing delicate embers and eyes glowing with inner fire.
Prompt: The phoenix gracefully extends its wings, intensifying its fiery glow, then rapidly spirals upwards into the air, forming a swirling column of fire, subsequently dissolving into golden sparks that rain down and coalesce into an intricate symbol upon the cavern floor."
,imaginary,ssma_ss,,5,"Setting: A floating island amid clouds, covered in lush grass and ancient stone arches decorated with runic symbols gently pulsing with turquoise light.
Character: A tall, silvery unicorn with a spiraled crystal horn, flowing mane of liquid silver, and hoofprints that briefly glow as it moves.
Prompt: The unicorn lowers its head to gently touch its glowing horn to a rune-covered stone, causing the runes to brightly ignite, then the unicorn lifts its head, stepping back as the stone slowly rises and splits open, subsequently revealing a hidden portal shimmering with radiant light."
,imaginary,ssma_ss,,6,"Setting: A floating celestial island suspended amid swirling lavender and turquoise clouds beneath a twilight sky dotted with star-shaped lanterns.
Character: A playful griffin cub with soft golden feathers, tufted ears, oversized emerald eyes, and small leathery wings tipped with sparkling silver feathers.
Prompt: The griffin cub energetically pounces onto a glowing cloud, causing ripples of shimmering particles to scatter, then bats playfully at the drifting particles with its paw, subsequently creating a miniature constellation that briefly shines above its head."
,imaginary,ssma_ss,,7,"Setting: A crystal cavern illuminated by pulsating gemstones and glowing moss, creating shifting patterns of iridescent reflections on the walls.
Character: A slender crystalline fairy with glass-like wings, shimmering silver-blue skin, and delicate limbs ending in glowing fingertips.
Prompt: The fairy gently taps a sapphire gemstone causing it to hum softly and radiate brighter blue light, then gracefully gathers the emitted glow into a luminous orb between her hands, subsequently releasing it upward to illuminate an intricate hidden carving on the cavern ceiling."
,imaginary,ssma_ss,,8,"Setting: A serene glacial valley, moonlit, dotted with reflective ice formations and gentle snow flurries spiraling in a slow dance.
Character: An imposing guardian creature carved entirely from clear enchanted ice, sapphire-like glowing eyes, intricate frost patterns on its transparent body, and limbs smoothly articulated by glowing silver joints.
Prompt: The guardian strikes the ground with a fist, causing luminous cracks to swiftly spread across the ice surface, then gathers the emerging frost energy into its palms, subsequently shaping the frost energy into a protective dome of crystalline ice shielding a delicate flower sprouting beneath the surface."
,imaginary,ssma_ss,,9,"Setting: Inside a volcanic cavern illuminated by flowing magma streams and filled with mystical blacksmith tools suspended magically above anvils.
Character: A fiery djinn with molten-lava skin interlaced by golden fissures, eyes glowing white-hot, and constantly flickering flame-shaped hair.
Prompt: The djinn forms a fiery orb between its palms, causing intense heat to illuminate the cavern, then sharply compresses the orb into a molten blade shape, subsequently plunging it into an icy basin, instantly solidifying into a steaming, intricately patterned sword."
,imaginary,ssma_ss,,10,"Setting: An intricate magical library with towering shelves filled with ancient books, softly illuminated by floating candles and spinning gears embedded into the walls.
Character: A humanoid clockwork golem crafted from polished brass and copper, gears visibly turning within transparent crystal chest cavities, and eyes resembling glowing amber lenses.
Prompt: The golem pulls a lever causing its internal gears to accelerate visibly, then precisely unfolds its mechanical fingers to project beams of golden light that rearrange scattered floating books into orderly stacks, subsequently opening the topmost book to reveal illuminated pages."
,imaginary,ssma_fo,,1,"Setting: A moonlit gothic library filled with ancient, hovering tomes and flickering candlelight.
Character: A ghostly librarian with semi-transparent ethereal robes, softly glowing eyes, and drifting, whispery white hair.
Prompt: The ghost librarian organizes floating books into a neat stack while also softly blowing out distant candles with an ethereal breath, as well as lightly dusting an antique table with ghostly fingertips."
,imaginary,ssma_fo,,2,"Setting: An icy tundra dotted with glowing magical runes, beneath swirling auroras in the sky.
Character: A crystalline ice golem with intricate patterns etched into its shimmering body, glowing blue eyes, and joints smoothly moving with soft, frosty crackles.
Prompt: The ice golem carefully reinforces nearby ice structures with additional frost layers while also tracing glowing runes in the snow, as well as emitting a soft pulse of energy to illuminate distant ice crystals."
,imaginary,ssma_fo,,3,"Setting: A luminous enchanted cavern filled with glowing crystals and floating spores.
Character: Lumivora, a bioluminescent spirit fox with translucent fur radiating soft pastel colors, trailing ethereal wisps of energy from her three fluffy tails.
Prompt: Lumivora gently nudges a hovering crystal with her paw while also dispersing glowing spores from her tails, in addition to briefly illuminating intricate carvings on the cavern walls with her eyes."
,imaginary,ssma_fo,,4,"Setting: A fiery volcanic chamber filled with molten rivers and obsidian sculptures, illuminated by lava flows.
Character: Ignavok, a fiery stone golem with cracks running across his body revealing molten lava beneath, his massive fists glowing brightly and eyes burning like ember coals.
Prompt: Ignavok stamps his foot causing a harmless ripple in a nearby lava pool as well as gently adjusts the position of an obsidian sculpture, in addition to momentarily intensifying his fiery glow illuminating the surrounding cavern walls."
,imaginary,ssma_fo,,5,"Setting: An ancient underwater temple covered with bioluminescent coral, hidden deep beneath the waves of a sapphire-blue ocean.
Character: A wise aquatic naga with shimmering emerald scales, golden fins, serpentine body, and four dexterous arms adorned with pearl bracelets.
Prompt: The naga swiftly rearranges a formation of glowing pearls suspended in water, while also conjuring small bubbles filled with miniature colorful fish, as well as elegantly coiling its tail around a coral pillar, causing it to glow brighter."
,imaginary,ssma_fo,,6,"Setting: A whimsical enchanted bakery nestled within the hollow trunk of an enormous enchanted tree, smelling of cinnamon and magic spices.
Character: A friendly anthropomorphic gingerbread baker with icing swirls decorating its limbs, gumdrop buttons, and a baker's hat made of spun sugar.
Prompt: The gingerbread baker tosses spices into a floating mixing bowl, causing sparkles to rise from it, in addition to playfully spinning a large wooden spoon around its sugary fingers, while also gently nudging an oven door closed with its foot, making the oven hum softly."
,imaginary,ssma_fo,,7,"Setting: A towering mountain peak beneath vibrant northern lights, carved with intricate glowing runes of ice and frost.
Character: A majestic frost phoenix with feathers of crystalline ice, luminous eyes radiating turquoise light, and a tail streaming thin ribbons of snowflakes.
Prompt: The frost phoenix gracefully flaps its wings, releasing a soft swirl of snowflakes, while also emitting a melodic cry resonating harmoniously with the glowing runes, in addition to lightly brushing its tail across the icy surface to briefly enhance the runic glow."
,imaginary,ssma_fo,,8,"Setting: On the deck of an ancient wooden ghost ship sailing quietly through the spectral waters of a misty sea.
Character: A spectral pirate captain with a ghostly translucent body dressed in tattered nautical garb, glowing faintly with pale blue luminescence, and adorned with a large, feathered tricorn hat.
Prompt: The ghostly captain adjusts his ethereal hat while also momentarily phasing through the ship's wheel as well as causing the ghostly lanterns hanging nearby to flicker brighter briefly."
,imaginary,ssma_fo,,9,"Setting: In a lush enchanted garden bathed in perpetual twilight, alive with softly glowing plants and gentle whispering fountains.
Character: A luminous unicorn, its mane and tail flowing with shimmering pastel colors, hooves leaving trails of soft silvery mist, and a spiraled horn emanating a gentle, serene glow.
Prompt: The unicorn gently taps a hoof causing flowers to bloom instantly, in addition to releasing a soothing glow from its horn, as well as lightly brushing its shimmering mane against low-hanging branches causing them to glow softly."
,imaginary,ssma_fo,,10,"Setting: On a floating sky-island filled with ancient, vine-covered stone ruins suspended amid perpetual clouds.
Character: An air elemental sprite with semi-transparent silver wings, delicate limbs, and swirling hair composed entirely of gentle breezes.
Prompt: The air sprite softly twirls in mid-air creating miniature whirlwinds, as well as gently rustling the nearby hanging vines, in addition to dispersing cloud fragments around itself."
,imaginary,ssma_sim,,1,"Setting: A volcanic cavern illuminated by streams of flowing magma and sparkling obsidian formations.
Character: A fiery phoenix whose majestic plumage is composed entirely of flickering flame and glowing embers, with eyes burning white-hot.
Prompt: The phoenix soars in place above molten lava while simultaneously spreading its wings to create a dazzling shower of sparks, singing a resonant fiery song, and conjuring protective walls of flame around itself."
,imaginary,ssma_sim,,2,"Setting: A vast sky-island meadow filled with floating islands of lush grass and cascading waterfalls suspended in a perpetual sunrise.
Character: A majestic winged centaur, powerful feathered wings extending from its strong, muscular horse body, crowned with golden antlers glowing faintly with magical energy.
Prompt: The winged centaur gallops effortlessly through mid-air while simultaneously beating its massive wings to create radiant gusts of golden wind, calling out in a vibrant, echoing voice, and casting streams of sparkling sunlight from its glowing antlers."
,imaginary,ssma_sim,,3,"Setting: A twilight-lit mountaintop amid thunderous storm clouds crackling with purple lightning.
Character: A tempest dragon with massive leathery wings charged with electricity, dark shimmering scales that reflect the storm, and eyes blazing with violet energy.
Prompt: The tempest dragon simultaneously beats its wings to hover in place, roars to summon bolts of lightning from the clouds, and illuminates the intricate runes along its scales with pulsating electric energy."
,imaginary,ssma_sim,,4,"Setting: A mystical underwater ruin shimmering faintly beneath the ocean surface, lit by bioluminescent coral and drifting bubbles of air.
Character: An aquatic mage-mermaid hybrid with sapphire-scaled tail, flowing hair resembling shimmering water currents, webbed hands glowing with gentle azure light, and delicate coral jewelry.
Prompt: The mage-mermaid simultaneously swims gracefully in place, weaves glowing runes through the water with one hand to conjure a protective current, and uses her voice to emit a sonar pulse resonating through the ruin."
,imaginary,ssma_sim,,5,"Setting: A volcanic forge chamber with molten lava rivers and walls lined with glowing obsidian runes.
Character: A fire giant blacksmith, towering with skin like polished basalt, molten veins glowing orange, fiery hair and beard, and multiple muscular arms of heated stone.
Prompt: The fire giant simultaneously pounds a glowing sword blade with two arms, holds the weapon steady with another pair of arms, and chants deep rumbling incantations to imbue the metal with fiery enchantments."
,imaginary,ssma_sim,,6,"Setting: A mysterious, ancient library suspended between dimensions, bookshelves endlessly spiraling upward beneath stars visible through a translucent domed ceiling.
Character: An animated celestial clockwork owl composed of gleaming brass and crystal gears, golden feathers, sapphire eyes glowing with starlight, and four mechanical wings.
Prompt: The clockwork owl hovers in mid-air flapping two of its wings while simultaneously writing arcane symbols in luminous ink on parchment using a quill grasped in its talons, and creating an intricate star map projection from its crystal eyes."
,imaginary,ssma_sim,,7,"Setting: A fiery volcanic chamber filled with rivers of molten lava cascading down obsidian walls, accented by veins of glowing red crystals.
Character: A four-armed magma titan whose body is sculpted from volcanic rock with molten lava flowing through cracks in its chest, glowing orange eyes, and a crown of smoldering obsidian shards.
Prompt: The magma titan simultaneously shapes fiery weapons from lava with its upper arms, summons volcanic eruptions beneath its feet with rhythmic stomps, and roars deeply, emitting flames that dance around its crown."
,imaginary,ssma_sim,,8,"Setting: Within a mystical forest clearing bathed in moonlight, where ancient trees glow faintly with enchanted symbols.
Character: A silver-furred celestial fox with shimmering tails, ethereal teal eyes, and softly glowing runes inscribed along its body.
Prompt: The celestial fox gracefully floats above the forest floor while simultaneously channeling lunar energy through its tails to form sparkling starlight orbs, releasing a melodic howl infused with calming magic, and gently waving its paws to manipulate hovering leaves into intricate patterns."
,imaginary,ssma_sim,,9,"Setting: Atop a floating island suspended high above swirling clouds, surrounded by ancient stone ruins and vines pulsing gently with magical light.
Character: A guardian dragon with opalescent scales, massive feathered wings lined with gemstones, and horns made of crystallized lightning.
Prompt: The guardian dragon powerfully beats its feathered wings to maintain flight while simultaneously unleashing arcs of glittering lightning from its horns, and roaring to create a resonant sonic barrier that pulses protectively outward."
,imaginary,ssma_sim,,10,"Setting: On the marble balcony of an ivory tower overlooking a starry expanse, illuminated softly by floating candles enchanted to never extinguish.
Character: A four-armed celestial wizard whose semi-translucent form glimmers with miniature constellations that continuously shift, long flowing robes interwoven with nebula patterns, and luminous eyes resembling galaxies.
Prompt: The celestial wizard levitates serenely above the balcony floor while simultaneously tracing glowing constellations in the air with two hands, weaving a shimmering protective barrier around the tower with the third hand, and softly chanting an ancient cosmic melody with their remaining hand gently conducting the floating candles."
,imaginary,msma_ss,,1,"Setting: A luminescent enchanted forest illuminated by glowing mushrooms and floating wisps of light.
Characters:
Sylvaris, a tall elf druid with emerald robes, glowing runes etched along his arms, and eyes that radiate soft green energy.
Grimclaw, a spectral wolf with translucent fur shimmering in hues of blue and silver, eyes glowing ice-blue.
Prompt: Sylvaris swiftly summons glowing vines from the ground, entangling Grimclaw in mid-air, after which Grimclaw's spectral fur pulsates brightly, subsequently bursting free from the vines, scattering shimmering particles across the forest clearing."
,imaginary,msma_ss,,2,"Setting: An expansive, floating library filled with ancient tomes, levitating candles, and glowing arcane runes.
Characters:
Lumina, a wise fairy librarian with iridescent wings and sparkling lavender robes, tiny spectacles perched on her nose.
Brimble, a mischievous imp with crimson skin, small bat-like wings, and eyes gleaming with mischief.
Prompt: Brimble mischievously topples a precarious stack of ancient books from a shelf, then Lumina rapidly waves her wand, casting a gentle levitation spell, subsequently guiding each book safely back into precise order on the shelves."
,imaginary,msma_ss,,3,"Setting: A shimmering crystal cave bathed in pastel-colored reflections, stalactites resonating softly with magical energy.
Characters:
Drakthul, a majestic crystalline dragon whose body refracts multicolored lights, wings sparkling like prisms.
Fizzle, a small, curious sprite glowing softly, trailing twinkling dust particles as it flies.
Prompt: Fizzle gently touches Drakthul__ crystal wing, triggering a radiant glow that cascades across Drakthul__ entire form, after which Drakthul opens his wings wide, subsequently sending dazzling rays of rainbow-colored light illuminating the entire cave."
,imaginary,msma_ss,,4,"Setting: In a luminous crystal cavern filled with glowing mushrooms and shimmering pools of azure water.
Characters:
Lumina, a translucent fairy with wings like stained glass, emanating a soft golden glow.
Gorthax, a gentle rock golem with moss-covered limbs and sapphire crystal eyes.
Prompt: Lumina gently touches a glowing mushroom, causing it to burst into luminous spores, then Gorthax absorbs the spores into his body, subsequently causing him to illuminate brightly, revealing hidden crystal engravings on the cavern walls."
,imaginary,msma_ss,,5,"Setting: Within an enchanted woodland clearing beneath giant trees whose branches are adorned with golden leaves and sparkling vines.
Characters:
Sylvani, an elegant dryad with bark-textured skin and emerald hair intertwined with blossoms.
Nimbleroot, a lively small treant with expressive amber eyes, covered in autumnal foliage.
Prompt: Sylvani sings a melodic enchantment causing golden leaves to gracefully detach from the branches, after which Nimbleroot catches the falling leaves and fuses them into his limbs, subsequently growing visibly larger and sprouting fresh blossoms."
,imaginary,msma_ss,,6,"Setting: Inside an alchemist__ tower, illuminated by intricate alchemical lanterns and shelves filled with mystical potions and artifacts.
Characters:
Elori, a graceful elf alchemist wearing silken robes embroidered with alchemical runes, with eyes glowing softly violet.
Flux, a mischievous homunculus made from enchanted clay, with crystal cores visible through its translucent chest.
Prompt: Elori carefully pours a vibrant liquid into a simmering cauldron, then Flux swiftly tosses an enchanted gemstone into the mixture, subsequently triggering a magical reaction that causes colorful alchemical symbols to rise and swirl around them both."
,imaginary,msma_ss,,7,"Setting: Inside an enchanted crystalline cavern glowing with bioluminescent fungi.
Characters:
Lumina (a radiant fairy): Transparent wings shimmering with pastel colors, body emitting gentle light that intensifies with emotion.
Grox (a cave troll): Towering, rocky skin with moss patches, deep-set amber eyes, sluggish but immensely strong.
Prompt: Lumina channels her energy to cast a bright illumination spell, temporarily blinding Grox, after which Grox, in his startled state, stumbles backward and accidentally shatters a crystal formation behind him."
,imaginary,msma_ss,,8,"Setting: A mystical ancient forest where trees whisper secrets in the breeze.
Characters:
Eldara (a centaur archer): Sleek chestnut horse body, elven torso with emerald-green hair and a vine-entwined bow.
Sylvix (a tree spirit): A semi-transparent humanoid form crafted from leaves and branches, eyes glowing soft amber.
Prompt: Eldara swiftly draws her bow and fires a magical arrow into Sylvix, after which Sylvix immediately absorbs the arrow__ magic, subsequently sprouting vibrant blossoms across its branches."
,imaginary,msma_ss,,9,"Setting: A mystical underwater ruin glowing faintly with lost magical energies deep within the ocean.
Characters:
Thalora (a mermaid sorceress): Iridescent aqua scales, flowing sapphire hair interwoven with pearls, staff topped with glowing coral.
Grimfinn (an ancient sea leviathan): Massive serpent-like creature with luminescent scales, eyes glowing deep-sea blue, fins adorned with bioluminescent patterns.
Prompt: Thalora strikes the seabed with her coral staff, creating a resonating magical pulse, after which Grimfinn awakens from slumber and subsequently uncoils rapidly, causing the surrounding currents to surge dramatically."
,imaginary,msma_ss,,10,"Setting: On the outskirts of an ancient volcanic temple surrounded by flowing rivers of molten lava.
Characters:
Pyrrhus (a fire golem guardian): Giant humanoid constructed of smoldering volcanic rock, cracks glowing fiercely orange.
Saphine (an ice elemental): Crystalline, humanoid body shimmering with frost, eyes radiating icy blue energy.
Vex (a mischievous imp): Small bat-winged creature with coal-black skin, sharp yellow eyes, always laughing mischievously.
Prompt: Saphine casts a beam of intense frost, freezing Pyrrhus momentarily into an icy statue, after which Vex quickly darts in and taps the frozen Pyrrhus, subsequently causing the ice to shatter explosively and Pyrrhus to reignite with a fiery roar."
,imaginary,msma_fo,,1,"Setting: Amidst the luminescent foliage of an enchanted forest glowing softly under perpetual twilight.
Characters: A graceful, translucent fairy with butterfly-like iridescent wings; a stout, moss-covered troll carrying glowing mushrooms.
Prompt: The fairy sprinkles sparkling pollen onto the flowers causing them to bloom instantly, while also the troll carefully places glowing mushrooms along a winding path, illuminating it gently."
,imaginary,msma_fo,,2,"Setting: On floating islands suspended in the air, linked by bridges of glowing ivy beneath a sky filled with moving constellations.
Characters: A radiant phoenix engulfed in golden-orange flames; a silver unicorn whose horn emits a faint, calming glow.
Prompt: The phoenix spreads its wings, scattering harmless fiery sparks across the sky creating brief starbursts, in addition to the unicorn gently touching its horn to a nearby pool, purifying the water and causing it to glow softly."
,imaginary,msma_fo,,3,"Setting: A moonlit ruins overlooking a tranquil silver lake, adorned with ancient runes pulsing faintly with mystic energy.
Characters: A spectral wizard cloaked in shifting shades of moonlight; a centaur archer with starlit markings illuminating its fur.
Prompt: The spectral wizard casts floating magical symbols into the air, causing them to gently orbit around crumbling pillars, while also the centaur gracefully practices archery, each arrow transforming into glowing streaks of light illuminating distant targets."
,imaginary,msma_fo,,4,"Setting: A vivid alien meadow filled with fluorescent plants beneath a night sky dominated by multiple moons and shimmering auroras.
Characters: A tall alien being with iridescent skin and multiple delicate limbs; a sentient, floating crystal with ever-shifting colors.
Prompt: The alien delicately weaves threads of glowing energy, forming intricate geometric patterns suspended in midair, as well as the sentient crystal projecting vibrant beams of multicolored light that gently sweep across the surrounding plants, causing them to momentarily shimmer brighter."
,imaginary,msma_fo,,5,"Setting: Within a luminous enchanted crystal grove where softly glowing gemstones float gently above the ground.
Characters:
Lyrafina, a shimmering pixie with translucent wings, wearing a dress of woven moonlight threads.
Bouldur, a stout, moss-covered golem whose stony skin sprouts tiny fluorescent mushrooms.
Prompt: Lyrafina gracefully arranges floating gemstones into intricate, glowing constellations, while also Bouldur peacefully gathers luminous mushrooms sprouting along the ground to place into his stone satchel."
,imaginary,msma_fo,,6,"Setting: A mystical underwater palace of coral towers illuminated by phosphorescent sea plants and inhabited by magical aquatic creatures.
Characters:
Marinus, a regal merfolk king with iridescent emerald scales, crowned by ornate shells and coral.
Flux, an aquatic phoenix whose feathers shimmer with changing hues of deep blue, turquoise, and violet.
Prompt: Marinus carefully directs schools of radiant fish to form beautiful swirling patterns around coral pillars, while also Flux gracefully glides through currents, causing nearby luminescent sea plants to blossom and brighten."
,imaginary,msma_fo,,7,"Setting: A bustling celestial bazaar suspended within a nebula, where stalls are floating asteroids glittering with cosmic treasures.
Characters:
Solara, a celestial sorceress whose robes ripple like a starry night, trailing constellations in her wake.
Cometto, a playful, sentient comet creature emitting a constant trail of sparkling stardust.
Prompt: Solara skillfully levitates cosmic gemstones into mesmerizing orbital dances around her, while also Cometto cheerfully zips around, decorating floating asteroids with luminous trails of vibrant stardust."
,imaginary,msma_fo,,8,"Setting: A vibrant enchanted meadow surrounded by forests of towering crystalline trees that hum softly in the breeze.
Characters:
Flickerhoof, a silver-coated unicorn with a spiraled horn glowing faint lavender and mane flowing gently like mist.
Spriggle, a mischievous wood sprite resembling a small humanoid made of intertwined twigs and leaves, eyes sparkling green.
Prompt: Flickerhoof gracefully touches meadow flowers with her horn, causing petals to shimmer with new colors, as well as Spriggle energetically scattering enchanted pollen, instantly growing patches of luminous wildflowers across the grass."
,imaginary,msma_fo,,9,"Setting: Inside the radiant caverns of crystallized gemstones, lit by softly pulsing lights from crystals embedded in walls and ceilings.
Characters:
Vixra the Sapphire Dragon: Sleek, deep-blue dragon whose scales sparkle vividly, each scale edged with silver highlights.
Tovo the Cave Elf: Small, slender elf with silvery skin, reflective eyes adapted to the low cavern light, wearing luminescent garments.
Prompt: Vixra calmly polishes her brilliant scales against a cluster of luminescent gemstones, while also Tovo meticulously records mysterious glowing inscriptions into a crystal tablet, as well as carefully sets floating light orbs free to illuminate deeper caverns."
,imaginary,msma_fo,,10,"Setting: On a floating observatory platform in an astral dimension, surrounded by nebulous clouds of cosmic gas and twinkling distant stars.
Characters:
Astrix the Star Mage: A regal wizard with robes patterned after constellations, holding a glowing, crystalline staff topped by a miniaturized galaxy.
Zep the Cosmic Sprite: Small humanoid creature with translucent skin reflecting galaxies within, fluttering gently with celestial-patterned wings.
Glintor the Nebula Elemental: Ethereal, constantly shifting being composed of multi-colored cosmic dust, sparkling with embedded star fragments.
Prompt: Astrix calmly rearranges a constellation projection with his staff, while also Zep joyfully releases small orbs of stardust that drift outward, as well as Glintor gracefully spins, spreading vivid nebular hues around the observatory."
,imaginary,msma_sim,,1,"Setting: Inside a shimmering crystal cavern, illuminated by softly pulsing gemstones and reflected beams of light.
Characters:
Lumina, a glowing fairy with iridescent wings and long, sparkling silver hair capable of manipulating light.
Gravox, a rock golem covered in crystalline formations, towering and robust with the ability to control earth and crystals.
Prompt: Lumina projects a dazzling barrier of light around Gravox simultaneously as Gravox strikes the cavern wall, launching a volley of sharp crystals outward."
,imaginary,msma_sim,,2,"Setting: At the serene edge of a mystic lake shrouded in dense, swirling mist beneath twin moons glowing faintly in a twilight sky.
Characters:
Aquilo, a slender, elegant water elemental whose fluid body continuously shifts in color from deep blue to aquamarine.
Pyrax, a fierce, fiery phoenix enveloped in blazing golden flames, with feathers glowing vibrantly.
Prompt: Aquilo creates towering waves to spiral protectively around himself simultaneously as Pyrax dives downward, unleashing an explosive burst of fire that boils and evaporates the approaching wave instantly."
,imaginary,msma_sim,,3,"Setting: Amidst a glittering desert oasis surrounded by luminous palm trees beneath the harsh, red light of an alien sunset.
Characters:
Vaelar, an extraterrestrial guardian with bioluminescent blue skin, armored in shimmering, reflective armor and wielding telekinetic energy fields.
Sandara, a swift sand spirit composed entirely of golden sand, constantly shifting form to maneuver swiftly around enemies.
Prompt: Vaelar generates a reflective telekinetic shield dome around them both simultaneously as Sandara rapidly spins around the perimeter, creating a swirling sandstorm that deflects incoming projectiles off Vaelar's shield in visually spectacular trajectories."
,imaginary,msma_sim,,4,"Setting: In an ancient crystalline forest illuminated by bioluminescent flora beneath a twilight sky.
Characters:
Aeryth, a graceful, translucent-winged fairy radiating soft violet glow and controlling vines.
Ignar, a muscular, magma-skinned golem whose body pulses with molten veins and who manipulates lava.
Prompt: Aeryth spirals elegantly upward, conjuring thick, vibrant vines to swiftly bind a shadow creature, while simultaneously Ignar punches the ground, creating a fiery eruption beneath the same shadow creature at the exact same time."
,imaginary,msma_sim,,5,"Setting: Atop floating islands suspended over a swirling storm, connected by bridges of solidified lightning.
Characters:
Zephrix, an ethereal wind spirit with semi-transparent, shifting forms of pale blue and silver, controlling storms.
Drakthor, a majestic dragon with sapphire scales crackling with electricity, who breathes powerful lightning.
Prompt: Zephrix simultaneously summons a violent gust, forming a powerful vortex around an attacking swarm of harpies, as Drakthor unleashes a brilliant arc of lightning directly into the center of the vortex at precisely the same moment."
,imaginary,msma_sim,,6,"Setting: Within a mystic underwater temple glowing faintly blue from ancient runes carved into coral pillars.
Characters:
Lumina, a mermaid whose silver-scaled tail glows with phosphorescent patterns and who can communicate telepathically with sea creatures.
Krulax, a fierce aquatic centaur-like creature with an armored lobster lower body, wielding a coral trident capable of emitting shockwaves.
Prompt: Lumina telepathically summons a colossal wave of glowing jellyfish that swiftly envelop invading deep-sea raiders, while at the same instant, Krulax slams his coral trident into the temple floor, sending a shockwave that stuns the raiders simultaneously."
,imaginary,msma_sim,,7,"Setting: Within a lush, enchanted garden under perpetual starlight, filled with floating petals and shimmering pollen.
Characters:
Sylvessa, a nature wizard adorned in leafy robes whose eyes glow emerald when controlling plants.
Tinket, an agile fairy-like creature covered in shimmering gold dust capable of time-slowing magic.
Prompt: Sylvessa simultaneously commands massive flowering vines to swiftly rise and ensnare incoming magical projectiles, as Tinket spins rapidly in mid-air, releasing glittering dust that momentarily slows time around the projectiles, making the vines_ capture visually dramatic and synchronized at precisely the same instant."
,imaginary,msma_sim,,8,"Setting: Atop a volcanic altar beneath stormy skies illuminated by fiery eruptions.
Characters:
Kallax, a fire wizard whose body emanates molten magma from glowing veins beneath obsidian-like skin.
Rhaegal, a storm griffin whose feathers crackle with constant lightning and eyes glowing electric blue.
Prompt: Kallax channels streams of molten lava upwards forming spiraling pillars of flame, simultaneously as Rhaegal unleashes bolts of lightning to wrap around these pillars, creating electrified volcanic spires that illuminate the stormy sky."
,imaginary,msma_sim,,9,"Setting: On a crystalline floating island illuminated by twin moons amidst swirling auroras.
Characters:
Lunara, a silver-winged phoenix with shimmering ice-blue feathers radiating lunar energy.
Zylo, a crystalline dragon with translucent emerald scales capable of bending light.
Prompt: Lunara releases an icy lunar breath creating a frost bridge between two floating islands, while Zylo simultaneously refracts the auroras, weaving dazzling light beams that stabilize the newly formed bridge."
,imaginary,msma_sim,,10,"Setting: A bustling, magical market suspended mid-air by gravity-defying lanterns and enchanted balloons.
Characters:
Nixie, a mischievous pixie merchant with iridescent butterfly wings scattering sparkles that enchant objects temporarily.
Gorlak, a jovial yet clumsy ogre shopkeeper whose oversized hands unintentionally cast spells on objects he touches.
Aerion, a swift sky-elemental courier composed entirely of semi-transparent winds.
Prompt: Nixie mischievously enchants an array of fruits causing them to levitate, while simultaneously Gorlak trips, unintentionally flinging magical produce skyward, as Aerion simultaneously zips through the chaos, skillfully catching the enchanted items mid-air."
,imaginary,sssa,,1,"Setting: On the floating islands above swirling golden clouds beneath a turquoise sky.
Character: A griffin with emerald-tinted feathers, powerful lion-like hind legs, and eyes shining like polished amber.
Prompt: The griffin spreads its majestic wings wide open, creating a gust that disperses the golden clouds in spiraling patterns around it."
,imaginary,sssa,,2,"Setting: Amidst ancient ruins overgrown by lush luminescent plants and surrounded by softly glowing fireflies.
Character: A unicorn with pearlescent fur that subtly shifts hues, a spiraled horn emitting faint rainbow pulses, and mane flowing as if underwater.
Prompt: The unicorn gracefully dips its horn into a crystalline pond, causing ripples that glow with shifting rainbow colors that swiftly propagate across the water surface."
,imaginary,sssa,,3,"Setting: Within an enchanted forest under a perpetual twilight sky, stars visible between branches of trees glowing softly in shades of teal and lavender.
Character: An ethereal forest sprite, small and humanoid with delicate, butterfly-like translucent wings, glowing softly in shades of lavender and turquoise.
Prompt: The sprite touches a wilted flower gently, instantly revitalizing it as petals unfurl and glow softly, illuminating the sprite__ delighted expression."
,imaginary,sssa,,4,"Setting: On a meteor drifting serenely through deep space, illuminated faintly by distant nebulae and twinkling constellations.
Character: A luminous alien being, humanoid but transparent, with its entire body filled with gently flowing cosmic energy resembling swirling galaxies and stars.
Prompt: The alien extends one glowing finger forward, causing the air before it to shimmer and transform momentarily into a miniature galaxy swirling gently with tiny luminous stars."
,imaginary,sssa,,5,"Setting: Amid the crystalline towers of an ethereal floating city bathed in perpetual twilight.
Character: A spectral unicorn, translucent body shimmering softly with prismatic hues, horn spiraling with luminous silver threads.
Prompt: The unicorn gracefully taps its horn against a crystal tower, causing ripples of multicolored light to cascade gently through the structure."
,imaginary,sssa,,6,"Setting: Inside an ancient mystical library where books float and rearrange themselves autonomously in midair.
Character: A small animated quill with delicate golden feather barbs and an intricately carved ivory shaft, floating serenely.
Prompt: The enchanted quill gracefully writes glowing, ornate runes in the air that briefly linger before dissipating into glittering dust."
,imaginary,sssa,,7,"Setting: At the edge of a tranquil lunar lake, illuminated by a pale violet moonlight beneath a sky filled with multiple ringed planets.
Character: A silver-scaled mermaid with translucent, membranous fins that shimmer with delicate shades of lavender and teal.
Prompt: The mermaid leaps elegantly from the lake, arcing gracefully in midair as droplets from her fins transform into miniature glowing jellyfish."
,imaginary,sssa,,8,"Setting: Amongst towering obsidian ruins on a volcanic plateau, periodically illuminated by bursts of magma erupting from distant fissures.
Character: A fiery phoenix with vibrant scarlet and gold plumage, eyes burning like molten amber, and feathers continuously emitting faint wisps of flame.
Prompt: The phoenix rapidly extends its wings upward, releasing a dazzling spiral of golden embers that float slowly downwards, illuminating the darkened ruins."
,imaginary,sssa,,9,"Setting: On a floating isle cloaked in perpetual twilight, illuminated solely by hovering lanterns filled with flickering violet flames.
Character: A mysterious wizard wrapped in dark robes embroidered with silvery celestial patterns, whose eyes glow faintly like distant stars.
Prompt: The wizard extends a hand upward, conjuring a spiral of silvery mist from his palm that ascends and forms a shimmering celestial constellation above."
,imaginary,sssa,,10,"Setting: Within a dense, enchanted forest where every tree trunk is carved with glowing, mystical runes emitting faint emerald light.
Character: A wise, ancient dragon whose scales resemble living bark entwined with luminescent green vines, eyes gleaming with golden intelligence.
Prompt: The dragon inhales deeply and gently breathes out a cloud of sparkling pollen, instantly causing nearby plants to bloom vibrantly and illuminate the forest floor."
,imaginary,mssa,,1,"Setting: A lush, enchanted forest clearing bathed in moonlight and surrounded by ancient glowing trees.
Characters:
A graceful silver unicorn with a spiraling crystalline horn and shimmering mane.
A gentle moss-covered forest golem adorned with blooming flowers and softly glowing fungi.
A luminous woodland fairy with transparent wings that sparkle like dew in the moonlight.
Prompt: Each character gently bows their head in greeting__nicorn dipping its crystalline horn gracefully, forest golem leaning slowly forward with creaking branches, and the fairy curtsying delicately mid-air."
,imaginary,mssa,,2,"Setting: The crystal shores of a mystical lake beneath a cascading waterfall glowing softly with magical blue mist.
Characters:
A sleek, sapphire-scaled dragon whose scales shimmer like polished gemstones.
A majestic phoenix with feathers blazing gently in hues of gold and crimson.
Prompt: Both characters elegantly extend their wings outward__he dragon's membranous wings unfurling wide, glittering in the mist, while the phoenix__ fiery feathers gracefully fan out, emitting subtle sparks of flame."
,imaginary,mssa,,3,"Setting: Inside a vast subterranean crystal cavern illuminated by radiant, bioluminescent crystals emitting multicolored lights.
Characters:
A shadowy subterranean elf with luminescent tribal markings glowing faintly on her skin.
A rocky earth elemental, composed entirely of glowing crystals, pulsating slowly with inner light.
Prompt: Each character reverently touches the cavern wall__he elf tracing glowing runes that softly pulse with energy, and the earth elemental pressing its crystalline palm, causing connected crystals in the cavern to resonate and brighten momentarily."
,imaginary,mssa,,4,"Setting: A crystal-lit cavern adorned with shimmering stalactites and bioluminescent mushrooms.
Characters:
Azure Dragon: A majestic dragon with sapphire scales and wings edged in frost, exuding an icy mist.
Emerald Phoenix: A brilliant bird with emerald feathers emitting green flames.
Amethyst Unicorn: An elegant unicorn with a pearlescent mane, glowing violet eyes, and crystalline hooves.
Prompt: All three creatures gracefully unfurl their wings or rear upward in a synchronized flourish, each generating an elemental aura__cy frost from the dragon, verdant flames from the phoenix, and sparkling violet sparks from the unicorn."
,imaginary,mssa,,5,"Setting: A mystical forest clearing bathed in moonlight, surrounded by ancient, rune-inscribed stones.
Characters:
Shadow Elf Sorcerer: Tall, slender humanoid with obsidian skin, silver hair, and eyes glowing faintly blue.
Woodland Centaur: Half-human, half-horse creature with emerald vines and flowers woven through their mane, carrying a wooden staff adorned with glowing runes.
Faerie Queen: Petite, radiant being with translucent butterfly wings shimmering with gold dust.
Prompt: Each character simultaneously casts a luminous magical sigil into the air, distinct in color and form__ilver-blue glyphs from the elf, emerald floral patterns from the centaur, and intricate golden spirals from the faerie queen__efore the symbols gently dissolve into moonlit particles."
,imaginary,mssa,,6,"Setting: An alien landscape of glowing, floating islands interconnected by bridges of pure energy.
Characters:
Galactic Guardian: Humanoid figure clad in cosmic armor that reflects galaxies and nebulae, eyes glowing with starlight.
Bioluminescent Alien: Transparent, jellyfish-like being drifting gently, glowing with internal pulsating neon patterns.
Sentient Crystal Golem: Robust, angular creature formed entirely from translucent crystal, emitting gentle harmonic hums.
Prompt: Each character methodically activates an ancient energy beacon by placing their unique appendage__uardian__ gauntleted hand, alien__ translucent tendril, and golem__ crystal limb__nto a central pedestal, illuminating the surroundings with cosmic energy patterns specific to their nature."
,imaginary,mssa,,7,"Setting: A whimsical enchanted marketplace bustling with floating vendor stalls and animated magical goods.
Characters:
Mechanical Owl Automaton: Intricately crafted metallic owl with brass feathers and clockwork gears, eyes glowing amber.
Animated Spellbook: A large, leather-bound tome hovering with fluttering pages, glowing runes dancing along its binding.
Pixie Merchant: Small humanoid with glittering insect-like wings, wearing vibrant, oversized spectacles.
Prompt: In quick succession, each character enthusiastically performs a welcoming gesture: the mechanical owl bows with clockwork precision, the spellbook flips pages rapidly to display a friendly greeting rune, and the pixie dramatically waves with sparkling trails following her tiny hands."
,imaginary,mssa,,8,"Setting: On a moonlit beach under a starry fantasy sky, waves of shimmering liquid silver lap against the glowing white sands.
Characters:
Mermaid: Graceful and elegant, adorned with bioluminescent scales that ripple shades of teal and violet.
Sea Dragon: A sleek, serpentine aquatic dragon, whose scales glitter sapphire blue and whose mane flows with underwater currents.
Prompt: Both characters leap gracefully from the silver waters, the Mermaid spinning elegantly through the air trailing luminous droplets, while the Sea Dragon arcs powerfully upward, its scales momentarily gleaming brighter in the moonlight, before diving back into the sea."
,imaginary,mssa,,9,"Setting: Atop a floating island amidst a sea of clouds, overlooking endless skies tinted with shades of dawn.
Characters:
Cloud Elemental: An airy humanoid form continuously shifting and swirling, composed entirely of soft, pale-white clouds.
Winged Unicorn: Majestic and radiant, with pearlescent white fur, wings shimmering in pastel rainbow hues, and a spiraled golden horn.
Prompt: Both characters leap gracefully into the dawn-lit sky__he Cloud Elemental disperses into delicate wisps before reforming, while the Winged Unicorn unfolds shimmering wings, leaving an ephemeral rainbow trail."
,imaginary,mssa,,10,"Setting: In a mystical temple chamber illuminated by golden torches, filled with ancient, rune-covered artifacts.
Characters:
Wizard: Wise and aged, cloaked in deep midnight-blue robes embroidered with stars, wielding a staff capped with an orb pulsing softly with azure light.
Living Armor: Animated medieval armor with intricately engraved silver plates, glowing faintly from within through joints and seams.
Shadow Spirit: A semi-transparent humanoid figure made entirely of shifting, smoky darkness, eyes glowing subtly violet.
Prompt: Together, each character bows solemnly to a central relic__he Wizard__ staff emits a brief radiant pulse, the Living Armor__ engravings momentarily intensify their glow, and the Shadow Spirit__ form briefly solidifies__ctivating an ancient protective spell around the temple chamber."